<?xml version="1.0" encoding="UTF-8" standalone="yes"?>
<manifest>
  <control namespace="hsbc" constructor="tinymceControl" version="0.0.1" display-name-key="tinymceControl" description-key="tinymceControl using TinyMCE 6" control-type="standard" api-version="1.3.4">
    <external-service-usage enabled="false"/>
    <property name="textField" display-name-key="textField" description-key="Property_Desc_Key" of-type="Multiple" usage="bound" required="true"/>
    <resources>
      <code path="bundle.js" order="1"/>
    </resources>
    <built-by name="pac" version="1.17.5"/>
  </control>
</manifest>